CodeL1,PCode,PlanName,Account1,Rate,UseYN
4201020106.101,P12,รายได้อื่น,รายได้แผ่นดิน-เงินชดใช้จากการผิดสัญญาการศึกษาและดูงาน,1.0,Yes
4201020199.101,P12,รายได้อื่น,รายได้แผ่นดิน-ค่าปรับอื่น,1.0,Yes
4202010199.101,P12,รายได้อื่น,รายได้ค่าธรรมเนียมการบริการอื่น,1.0,Yes
4202020102.101,P12,รายได้อื่น,รายได้ค่าเช่าอสังหาริมทรัพย์จากบุคคลภายนอก,1.0,Yes
4202030105.101,P12,รายได้อื่น,รายได้แผ่นดิน-ค่าขายของเบ็ดเตล็ด,1.0,Yes
4203010101.101,P12,รายได้อื่น,รายได้ดอกเบี้ยเงินฝากที่สถาบันการเงิน,1.0,Yes
4205010104.101,P12,รายได้อื่น,รายรับจากการขายอาคารและสิ่งปลูกสร้าง,1.0,Yes
4205010110.101,P12,รายได้อื่น,รายรับจากการขายครุภัณฑ์,1.0,Yes
4206010102.101,P12,รายได้อื่น,รายได้เงินเหลือจ่ายปีเก่า/รายที่ไม่ใช่ภาษีอื่น,1.0,Yes
4206010199.101,P12,รายได้อื่น,บัญชีรายได้ที่ไม่ใช่ภาษีอื่น,1.0,Yes
4207010102.102,P12,รายได้อื่น,รายได้แผ่นดิน-ค่าปรับอื่นจ่ายคืน,1.0,Yes
4301010102.101,P10,รายได้ค่ารักษาและบริการอื่น ๆ,รายได้จากการจำหน่ายยาสมุนไพร -บุคคลภายนอก,1.0,Yes
4301010102.102,P10,รายได้ค่ารักษาและบริการอื่น ๆ,รายได้จากการจำหน่ายสินค้าอื่น ๆ -บุคคลภายนอก,1.0,Yes
4301010102.103,P10,รายได้ค่ารักษาและบริการอื่น ๆ,รายได้จากการจำหน่ายยาสมุนไพร -หน่วยงานภาครัฐ,1.0,Yes
4301010102.104,P10,รายได้ค่ารักษาและบริการอื่น ๆ,รายได้จากการจำหน่ายสินค้าอื่น ๆ -หน่วยงานภาครัฐ,1.0,Yes
4301020102.101,P10,รายได้ค่ารักษาและบริการอื่น ๆ,รายได้ค่าสิ่งส่งตรวจ - บุคคลภายนอก,1.0,Yes
4301020102.102,P10,รายได้ค่ารักษาและบริการอื่น ๆ,รายได้ค่าตรวจสุขภาพ - บุคคลภายนอก,1.0,Yes
4301020102.103,P10,รายได้ค่ารักษาและบริการอื่น ๆ,รายได้ค่าสิ่งส่งตรวจ - หน่วยงานภาครัฐ,1.0,Yes
4301020102.104,P07,รายได้ค่ารักษาเบิกจ่ายตรงกรมบัญชีกลาง,รายได้ค่าตรวจสุขภาพ-หน่วยงานภาครัฐ,1.0,Yes
4301020102.105,P05,รายได้จาก  EMS,รายได้จากระบบปฏิบัติการฉุกเฉิน (EMS),1.0,Yes
4301020102.106,P10,รายได้ค่ารักษาและบริการอื่น ๆ,รายได้สนับสนุนยาและอื่น ๆ,1.0,Yes
4301020104.104,P06,รายได้ค่ารักษาเบิกต้นสังกัด,รายได้ค่ารักษาเบิกต้นสังกัด OP,1.0,Yes
4301020104.105,P06,รายได้ค่ารักษาเบิกต้นสังกัด,รายได้ค่ารักษาเบิกต้นสังกัด IP,1.0,Yes
4301020104.106,P10,รายได้ค่ารักษาและบริการอื่น ๆ,รายได้ค่ารักษาชำระเงิน OP,1.0,Yes
4301020104.107,P10,รายได้ค่ารักษาและบริการอื่น ๆ,รายได้ค่ารักษาชำระเงิน IP,1.0,Yes
4301020104.108,P06,รายได้ค่ารักษาเบิกต้นสังกัด,รายได้ค่ารักษาเบิกจ่ายตรง-หน่วยงานอื่น - OP,1.0,Yes
4301020104.109,P06,รายได้ค่ารักษาเบิกต้นสังกัด,รายได้ค่ารักษาเบิกจ่ายตรงหน่วยงานอื่น-IP,1.0,Yes
4301020104.110,P06,รายได้ค่ารักษาเบิกต้นสังกัด,ส่วนต่างค่ารักษาที่สูงกว่าข้อตกลงในการจ่ายตาม DRG -เบิกจ่ายตรง หน่วยงานอื่น,1.0,Yes
4301020104.111,P06,รายได้ค่ารักษาเบิกต้นสังกัด,ส่วนต่างค่ารักษาที่ต่ำกว่าข้อตกลงในการจ่ายตาม DRG -เบิกจ่ายตรง หน่วยงานอื่น,1.0,Yes
4301020104.401,P07,รายได้ค่ารักษาเบิกจ่ายตรงกรมบัญชีกลาง,รายได้ค่ารักษาเบิกจ่ายตรงกรมบัญชีกลาง OP,1.0,Yes
4301020104.402,P07,รายได้ค่ารักษาเบิกจ่ายตรงกรมบัญชีกลาง,รายได้ค่ารักษาเบิกจ่ายตรงกรมบัญชีกลาง IP,1.0,Yes
4301020104.405,P07,รายได้ค่ารักษาเบิกจ่ายตรงกรมบัญชีกลาง,ส่วนต่างค่ารักษาที่สูงกว่าข้อตกลงในการจ่ายตาม DRG -เบิกจ่ายตรงกรมบัญชีกลาง,1.0,Yes
4301020104.406,P07,รายได้ค่ารักษาเบิกจ่ายตรงกรมบัญชีกลาง,ส่วนต่างค่ารักษาที่ต่ำกว่าข้อตกลงในการจ่ายตาม DRG -เบิกจ่ายตรงกรมบัญชีกลาง,1.0,Yes
4301020104.602,P10,รายได้ค่ารักษาและบริการอื่น ๆ,รายได้ค่ารักษา พรบ.รถ OP,1.0,Yes
4301020104.603,P10,รายได้ค่ารักษาและบริการอื่น ๆ,รายได้ค่ารักษา พรบ.รถ IP,1.0,Yes
4301020104.801,P61,รายได้ค่ารักษา อปท.,รายได้ค่ารักษาเบิกจ่ายตรง- อปท. OP,1.0,Yes
4301020104.802,P61,รายได้ค่ารักษา อปท.,รายได้ค่ารักษาเบิกจ่ายตรง-อปท. IP,1.0,Yes
4301020104.803,P61,รายได้ค่ารักษา อปท.,ส่วนต่างค่ารักษาที่สูงกว่าข้อตกลงในการจ่ายตาม DRG -เบิกจ่ายตรง - อปท.,1.0,Yes
4301020104.804,P61,รายได้ค่ารักษา อปท.,ส่วนต่างค่ารักษาที่ต่ำกว่าข้อตกลงในการจ่ายตาม DRG -เบิกจ่ายตรง - อปท.,1.0,Yes
4301020104.805,P61,รายได้ค่ารักษา อปท.,รายได้ค่ารักษาเบิกจ่ายตรง - อปท.รูปแบบพิเศษ OP,1.0,Yes
4301020104.806,P61,รายได้ค่ารักษา อปท.,รายได้ค่ารักษาเบิกจ่ายตรง- อปท.รูปแบบพิเศษ IP,1.0,Yes
4301020104.807,P61,รายได้ค่ารักษา อปท.,ส่วนต่างค่ารักษาที่สูงกว่าข้อตกลงในการจ่ายตาม DRG -เบิกจ่ายตรง (พนักงานส่วนท้องถิ่นรูปแบบพิเศษ),1.0,Yes
4301020104.808,P61,รายได้ค่ารักษา อปท.,ส่วนต่างค่ารักษาที่ต่ำกว่าข้อตกลงในการจ่ายตาม DRG -เบิกจ่ายตรง (พนักงานส่วนท้องถิ่นรูปแบบพิเศษ),1.0,Yes
4301020105.201,P04,รายได้ UC,รายได้ค่ารักษา UC -OP  ใน CUP,1.0,Yes
4301020105.202,P04,รายได้ UC,รายได้ค่ารักษา UC-IP,1.0,Yes
4301020105.203,P04,รายได้ UC,รายได้ค่ารักษา UC - OP นอก CUP ในจังหวัด,1.0,Yes
4301020105.205,P04,รายได้ UC,รายได้ค่ารักษา UC-OP  นอก CUP ต่างจังหวัด,1.0,Yes
4301020105.207,P04,รายได้ UC,รายได้ค่ารักษา UC-OP นอกสังกัด สป.,1.0,Yes
4301020105.211,P13,รายได้งบลงทุน,รายได้กองทุน UC (งบลงทุน),1.0,Yes
4301020105.214,P04,รายได้ UC,รายได้กองทุน UC - OP แบบเหมาจ่ายต่อผู้มีสิทธิ,1.0,Yes
4301020105.215,P04,รายได้ UC,รายได้กองทุน UC-OP ตามเกณฑ์คุณภาพผลงานบริการ,1.0,No
4301020105.217,P04,รายได้ UC,รายได้กองทุน UC - P&P แบบเหมาจ่ายต่อผู้มีสิทธิ,1.0,Yes
4301020105.222,P04,รายได้ UC,รายได้กองทุน UC เฉพาะโรคอื่น,1.0,Yes
4301020105.223,P04,รายได้ UC,รายได้กองทุน UC-P&P อื่น,1.0,Yes
4301020105.228,P04,รายได้ UC,รายได้กองทุน UC อื่น,1.0,Yes
4301020105.229,P04,รายได้ UC,ส่วนต่างค่ารักษาที่สูงกว่าเหมาจ่ายรายหัว - กองทุน UC OP,1.0,Yes
4301020105.231,P04,รายได้ UC,ส่วนต่างค่ารักษาที่สูงกว่าข้อตกลงในการจ่ายตาม DRG-กองทุน UC -IP,1.0,Yes
4301020105.232,P04,รายได้ UC,ส่วนต่างค่ารักษาที่ต่ำกว่าข้อตกลงในการจ่ายตาม DRG-กองทุน UC -IP,1.0,Yes
4301020105.239,P04,รายได้ UC,ส่วนต่างค่ารักษาที่สูงกว่าข้อตกลงในการตามจ่าย UC OP,1.0,Yes
4301020105.240,P04,รายได้ UC,ส่วนต่างค่ารักษาที่ต่ำกว่าข้อตกลงในการตามจ่าย UC OP,1.0,Yes
4301020105.241,P04,รายได้ UC,รายได้ค่ารักษาด้านการสร้างเสริมสุขภาพและป้องกันโรค (P&P),1.0,Yes
4301020105.242,P04,รายได้ UC,รายได้กองทุน UC-บริการพื้นที่เฉพาะ,1.0,Yes
4301020105.243,P04,รายได้ UC,รายได้กองทุน UC (CF),1.0,Yes
4301020105.244,P04,รายได้ UC,รายได้ค่ารักษา UC- OP บริการกรณีเฉพาะ (CR),1.0,Yes
4301020105.245,P04,รายได้ UC,รายได้ค่ารักษา UC - IP  บริการกรณีเฉพาะ (CR),1.0,Yes
4301020105.251,P04,รายได้ UC,ส่วนต่างค่ารักษาที่สูงกว่าข้อตกลงในการจ่ายตามDRG กองทุน UC           (บริการเฉพาะ) CR- IP,1.0,Yes
4301020105.252,P04,รายได้ UC,ส่วนต่างค่ารักษาที่ต่ำกว่าข้อตกลงในการจ่ายตาม DRG กองทุน UC   (บริการเฉพาะ) CR- IP,1.0,Yes
4301020105.255,P04,รายได้ UC,รายได้กองทุน UC-P&P ตามเกณฑ์คุณภาพผลงานบริการ,1.0,Yes
4301020105.256,P04,รายได้ UC,รายได้จากการยกหนี้กรณีส่งต่อผู้ป่วยระหว่างรพ.,1.0,Yes
4301020105.257,P04,รายได้ UC,ส่วนต่างค่ารักษาที่สูงกว่าเหมาจ่ายรายหัว - กองทุน UC P&P,1.0,Yes
4301020105.258,P04,รายได้ UC,ส่วนต่างค่ารักษาที่สูงกว่าข้อตกลงตามหลักเกณฑ์การจ่ายกองทุนUC-บริการเฉพาะ (CR) - OP,1.0,Yes
4301020105.260,P04,รายได้ UC,ส่วนต่างค่ารักษาที่ต่ำกว่าข้อตกลงตามหลักเกณฑ์การจ่ายกองทุนUC-บริการเฉพาะ (CR) -OP,1.0,Yes
4301020105.263,P04,รายได้ UC,รายได้ค่ารักษา OP Refer,1.0,Yes
4301020105.264,P04,รายได้ UC,ส่วนปรับลดค่าแรง OP,1.0,Yes
4301020105.265,P04,รายได้ UC,ส่วนปรับลดค่าแรง IP,1.0,Yes
4301020105.266,P04,รายได้ UC,ส่วนปรับลดค่าแรง PP,1.0,Yes
4301020105.267,P10,รายได้ค่ารักษาและบริการอื่น ๆ,รายได้ค่าบริการสาธารณสุขสำหรับโรคติดเชื้อไวรัสโคโรนา - OP จาก สปสช.,1.0,No
4301020105.268,P10,รายได้ค่ารักษาและบริการอื่น ๆ,รายได้ค่าบริการสาธารณสุขสำหรับโรคติดเชื้อไวรัสโคโรนา - IP จาก สปสช.,1.0,No
4301020105.269,P10,รายได้ค่ารักษาและบริการอื่น ๆ,ส่วนต่างค่ารักษาที่ สูงกว่า ข้อตกลงในการจ่ายตาม DRG-COVID-19-IP จาก สปสช.,1.0,No
4301020105.270,P10,รายได้ค่ารักษาและบริการอื่น ๆ,ส่วนต่างค่ารักษาที่ ต่ำกว่า ข้อตกลงในการจ่ายตาม DRG-COVID-19-IP จาก สปสช.,1.0,No
4301020105.271,P04,รายได้ UC,ส่วนต่างค่ารักษาที่ต่ำกว่าข้อตกลงในการตามจ่าย UC OP (หน่วยบริการที่ตามจ่าย),1.0,Yes
4301020106.303,P08,รายได้ประกันสังคม,รายได้กองทุนประกันสังคม,1.0,Yes
4301020106.305,P08,รายได้ประกันสังคม,รายได้ค่ารักษาประกันสังคม OP-เครือข่าย,1.0,Yes
4301020106.306,P08,รายได้ประกันสังคม,รายได้ค่ารักษาประกันสังคม IP-เครือข่าย,1.0,Yes
4301020106.307,P08,รายได้ประกันสังคม,รายได้ค่ารักษาประกันสังคม OP-นอกเครือข่าย,1.0,Yes
4301020106.308,P08,รายได้ประกันสังคม,รายได้ค่ารักษาประกันสังคม IP-นอกเครือข่าย,1.0,Yes
4301020106.309,P08,รายได้ประกันสังคม,รายได้ค่ารักษาประกันสังคม OP-นอกเครือข่าย ต่างสังกัด สป.สธ.,1.0,Yes
4301020106.310,P08,รายได้ประกันสังคม,รายได้ค่ารักษาประกันสังคม IP-นอกเครือข่าย ต่างสังกัด สป.สธ.,1.0,Yes
4301020106.311,P08,รายได้ประกันสังคม,รายได้ค่ารักษาประกันสังคม-กองทุนทดแทน,1.0,Yes
4301020106.312,P08,รายได้ประกันสังคม,รายได้ค่ารักษาประกันสังคม 72 ชั่วโมงแรก,1.0,Yes
4301020106.313,P08,รายได้ประกันสังคม,รายได้ค่ารักษาประกันสังคม-ค่าใช้จ่ายสูง/อุบัติเหตุ/ฉุกเฉิน OP,1.0,Yes
4301020106.314,P08,รายได้ประกันสังคม,รายได้ค่ารักษาประกันสังคม-ค่าใช้จ่ายสูง IP,1.0,Yes
4301020106.315,P08,รายได้ประกันสังคม,ส่วนต่างค่ารักษาที่สูงกว่าเหมาจ่ายรายหัว - กองทุนประกันสังคม - OP,1.0,Yes
4301020106.317,P08,รายได้ประกันสังคม,ส่วนต่างค่ารักษาที่สูงกว่าข้อตกลงตามหลักเกณฑ์การจ่าย - กองทุนประกันสังคม - IP,1.0,Yes
4301020106.319,P08,รายได้ประกันสังคม,ส่วนต่างค่ารักษาที่สูงกว่าข้อตกลงในการจ่ายตาม กองทุนประกันสังคม,1.0,Yes
4301020106.320,P08,รายได้ประกันสังคม,ส่วนต่างค่ารักษาที่ต่ำกว่าข้อตกลงในการจ่ายตาม กองทุนประกันสังคม,1.0,Yes
4301020106.321,P08,รายได้ประกันสังคม,รายได้ค่าบริหารจัดการประกันสังคม,1.0,Yes
4301020106.322,P08,รายได้ประกันสังคม,รายได้ค่าตอบแทนและพัฒนากิจการ,1.0,Yes
4301020106.502,P09,รายได้แรงงานต่างด้าว,รายได้กองทุนแรงงานต่างด้าว,1.0,Yes
4301020106.503,P09,รายได้แรงงานต่างด้าว,รายได้ค่ารักษาแรงงานต่างด้าว OP,1.0,Yes
4301020106.504,P09,รายได้แรงงานต่างด้าว,รายได้ค่ารักษาแรงงานต่างด้าว IP,1.0,Yes
4301020106.505,P09,รายได้แรงงานต่างด้าว,ส่วนต่างค่ารักษาที่สูงกว่ากองทุนเหมาจ่ายรายหัว - กองทุนแรงงานต่างด้าว - OP,1.0,Yes
4301020106.507,P09,รายได้แรงงานต่างด้าว,ส่วนต่างค่ารักษาที่สูงกว่ากองทุนเหมาจ่ายรายหัว - กองทุนแรงงานต่างด้าว - IP,1.0,Yes
4301020106.509,P09,รายได้แรงงานต่างด้าว,รายได้ค่ารักษาแรงงานต่างด้าว - เบิกจากส่วนกลาง OP,1.0,Yes
4301020106.510,P09,รายได้แรงงานต่างด้าว,ส่วนต่างค่ารักษาที่สูงกว่าข้อตกลงในการจ่ายตาม DRG -แรงงานต่างด้าว - IP,1.0,Yes
4301020106.511,P09,รายได้แรงงานต่างด้าว,ส่วนต่างค่ารักษาที่ต่ำกว่าข้อตกลงในการจ่ายตาม DRG - แรงงานต่างด้าว - IP,1.0,Yes
4301020106.512,P09,รายได้แรงงานต่างด้าว,รายได้ค่ารักษาแรงงานต่างด้าว OP  นอก CUP,1.0,Yes
4301020106.513,P09,รายได้แรงงานต่างด้าว,รายได้ค่ารักษาแรงงานต่างด้าว IP นอก CUP,1.0,Yes
4301020106.514,P09,รายได้แรงงานต่างด้าว,รายได้ค่ารักษาแรงงานต่างด้าว - เบิกจากส่วนกลาง IP,1.0,Yes
4301020106.515,P09,รายได้แรงงานต่างด้าว,ส่วนต่างค่ารักษาที่สูงกว่าข้อตกลงในการจ่ายตามหลักเกณฑ์ฯ เงินประกันสุขภาพคนต่างด้าว/แรงงานต่างด้าว OP,1.0,Yes
4301020106.516,P09,รายได้แรงงานต่างด้าว,รายได้ค่าตรวจสุขภาพแรงงานต่างด้าว,1.0,Yes
4301020106.517,P09,รายได้แรงงานต่างด้าว,รายได้ค่าบริหารจัดการแรงงานต่างด้าว,1.0,Yes
4301020106.518,P09,รายได้แรงงานต่างด้าว,รายได้แรงงานต่างด้าว- ค่าบริการทางการแพทย์(P&P),1.0,Yes
4301020106.519,P09,รายได้แรงงานต่างด้าว,ส่วนต่างค่ารักษาที่ต่ำกว่าข้อตกลงในการจ่ายตามหลักเกณฑ์ฯ เงินประกันสุขภาพคนต่างด้าว/แรงงานต่างด้าว OP,1.0,Yes
4301020106.701,P10,รายได้ค่ารักษาและบริการอื่น ๆ,รายได้ค่ารักษาบุคคลที่มีปัญหาสถานะและสิทธิ OP นอก CUP,1.0,Yes
4301020106.703,P10,รายได้ค่ารักษาและบริการอื่น ๆ,รายได้ค่ารักษาบุคคลที่มีปัญหาสถานะและสิทธิ  - เบิกจากส่วนกลาง OP,1.0,Yes
4301020106.704,P10,รายได้ค่ารักษาและบริการอื่น ๆ,ส่วนต่างค่ารักษาพยาบาลที่สูงกว่าข้อตกลงในการจ่ายตามหลักเกณฑ์ฯ - บุคคลที่มีปัญหาสถานะและสิทธิ OP,1.0,Yes
4301020106.705,P10,รายได้ค่ารักษาและบริการอื่น ๆ,ส่วนต่างค่ารักษาที่สูงกว่าข้อตกลงในการจ่ายตาม DRG บุคคลที่มีปัญหาสถานะและสิทธิ,1.0,Yes
4301020106.706,P10,รายได้ค่ารักษาและบริการอื่น ๆ,ส่วนต่างค่ารักษาที่ต่ำกว่าข้อตกลงในการจ่ายตาม DRG บุคคลที่มีปัญหาสถานะและสิทธิ,1.0,Yes
4301020106.709,P10,รายได้ค่ารักษาและบริการอื่น ๆ,รายได้ค่ารักษา-บุคคลที่มีปัญหาสถานะและสิทธิ OP ใน CUP,1.0,Yes
4301020106.710,P10,รายได้ค่ารักษาและบริการอื่น ๆ,รายได้ค่ารักษาบุคคลที่มีปัญหาสถานะและสิทธิ  - เบิกจากส่วนกลาง IP,1.0,Yes
4301020106.711,P10,รายได้ค่ารักษาและบริการอื่น ๆ,ส่วนต่างค่ารักษาที่สูงกว่าเหมาจ่ายรายหัว-เงินอุดหนุนบุคคลที่มีปัญหาและสถานะและสิทธิ OP ใน CUP,1.0,Yes
4301020106.712,P10,รายได้ค่ารักษาและบริการอื่น ๆ,รายได้เงินอุดหนุนเหมาจ่ายรายหัวสำหรับบุคคลที่มีปัญหาสถานะและสิทธิ,1.0,Yes
4301020108.101,P12,รายได้อื่น,รายได้เงินนอกงบประมาณ,1.0,Yes
4301030102.101,P12,รายได้อื่น,รายได้ค่าเช่าอสังหาริมทรัพย์,1.0,Yes
4301030104.101,P12,รายได้อื่น,รายได้ค่าเช่าอื่น,1.0,Yes
4302010101.101,P12,รายได้อื่น,รายได้จากการอุดหนุน-หน่วยงานภาครัฐ,1.0,Yes
4302010106.101,P12,รายได้อื่น,รายได้จากการช่วยเหลือเพื่อการดำเนินงานจาก อปท.,1.0,Yes
4302010199.101,P12,รายได้อื่น,รายได้จากการช่วยเหลือเพื่อ           การดำเนินงานอื่น,1.0,Yes
4302020107.101,P13,รายได้งบลงทุน,รายได้จากการช่วยเหลือเพื่อการลงทุนจากอปท.,1.0,Yes
4302020199.101,P13,รายได้งบลงทุน,รายได้จากการช่วยเหลือเพื่อการลงทุนอื่น,1.0,Yes
4302030101.101,P12,รายได้อื่น,รายได้จากการรับบริจาค-เงินสดและรายการเทียบเท่าเงินสด,1.0,Yes
4302030101.102,P12,รายได้อื่น,รายได้จากการรับบริจาค-สินทรัพย์อื่น,1.0,Yes
4302040101.101,P121,รายได้อื่น (ระบบบัญชีบันทึกอัตโนมัติ),พักรับเงินงบอุดหนุน,1.0,Yes
4303010101.101,P12,รายได้อื่น,รายได้ดอกเบี้ยจากสถาบันการเงิน,1.0,Yes
4306010104.101,P12,รายได้อื่น,รายรับจากการขายอาคารและสิ่งปลูกสร้าง,1.0,Yes
4306010110.101,P12,รายได้อื่น,รายรับจากการขายครุภัณฑ์,1.0,Yes
4306010110.102,P12,รายได้อื่น,รายรับจากการขายวัสดุที่ใช้แล้ว,1.0,Yes
4307010103.201,P11,รายได้งบประมาณส่วนบุคลากร,บัญชีรายได้ระหว่างหน่วยงาน - หน่วยงานรับเงินงบบุคลากรจากรัฐบาล,1.0,Yes
4307010104.101,P13,รายได้งบลงทุน,บัญชีรายได้ระหว่างหน่วยงาน - หน่วยงานรับเงินงบลงทุนจากรัฐบาล,1.0,Yes
4307010105.101,P12,รายได้อื่น,บัญชีรายได้ระหว่างหน่วยงาน - หน่วยงานรับเงินงบดำเนินงานจากรัฐบาล,1.0,Yes
4307010106.101,P12,รายได้อื่น,บัญชีรายได้ระหว่างหน่วยงาน - หน่วยงานรับเงินงบอุดหนุนจากรัฐบาล,1.0,Yes
4307010107.101,P12,รายได้อื่น,บัญชีรายได้ระหว่างหน่วยงาน - หน่วยงานรับเงินงบรายจ่ายอื่นจากรัฐบาล,1.0,Yes
4307010108.101,P12,รายได้อื่น,บัญชีรายได้ระหว่างหน่วยงาน - หน่วยงานรับเงินงบกลางจากรัฐบาล,1.0,Yes
4307010110.101,P12,รายได้อื่น,บัญชีรายได้ระหว่างหน่วยงาน - หน่วยงานรับเงินกู้จากรัฐบาล,1.0,Yes
4307010112.101,P121,รายได้อื่น (ระบบบัญชีบันทึกอัตโนมัติ),บัญชีรายได้ระหว่างหน่วยงาน-กรมบัญชี กลางรับเงินเบิกเกินส่งคืนจากหน่วยงาน,1.0,Yes
4308010101.101,P121,รายได้อื่น (ระบบบัญชีบันทึกอัตโนมัติ),รายได้ระหว่างหน่วยงาน-หน่วยงานรับเงินนอกงบประมาณจากกรมบัญชีกลาง,1.0,Yes
4308010105.101,P121,รายได้อื่น (ระบบบัญชีบันทึกอัตโนมัติ),รายได้ระหว่างหน่วยงาน-ปรับเงินฝากคลัง,1.0,Yes
4308010106.101,P121,รายได้อื่น (ระบบบัญชีบันทึกอัตโนมัติ),รายได้ระหว่างหน่วยงาน-หน่วยงานรับเงินจากหน่วยงานอื่น,1.0,Yes
4308010111.101,P121,รายได้อื่น (ระบบบัญชีบันทึกอัตโนมัติ),รายได้ระหว่างหน่วยงาน - หน่วยงานรับเงินถอนคืนรายได้จากรัฐบาล,1.0,Yes
4308010117.101,P121,รายได้อื่น (ระบบบัญชีบันทึกอัตโนมัติ),รายได้ระหว่างหน่วยงาน -เงินทดรองราชการ,1.0,Yes
4308010118.101,P121,รายได้อื่น (ระบบบัญชีบันทึกอัตโนมัติ),รายได้ระหว่างกัน-ภายในกรมเดียวกัน,1.0,Yes
4308010121.101,P12,รายได้อื่น,รายได้ระหว่างกัน-ภายในกรมเดียวกัน (Manual),1.0,Yes
4313010101.101,P12,รายได้อื่น,หนี้สูญได้รับคืน,1.0,Yes
4313010103.101,P12,รายได้อื่น,รายได้ค่าปรับ,1.0,Yes
4313010199.101,P10,รายได้ค่ารักษาและบริการอื่น ๆ,รายได้ค่าวัสดุ/อุปกรณ์/น้ำยา-หน่วยงานภาครัฐ,1.0,Yes
4313010199.102,P10,รายได้ค่ารักษาและบริการอื่น ๆ,รายได้ค่าวัสดุ/อุปกรณ์/น้ำยา-บุคคลภายนอก,1.0,Yes
4313010199.105,P12,รายได้อื่น,รายได้ค่าใบรับรองแพทย์,1.0,Yes
4313010199.108,P12,รายได้อื่น,รายได้จากเงินโครงการผลิตแพทย์,1.0,Yes
4313010199.109,P12,รายได้อื่น,รายได้จากโครงการผลิตบุคลากรทางการแพทย์,1.0,Yes
4313010199.110,P12,รายได้อื่น,รายได้ลักษณะอื่น,1.0,Yes
4313010199.113,P12,รายได้อื่น,รายได้ค่าธรรมเนียม,1.0,Yes
4313010199.114,P12,รายได้อื่น,รายได้อื่น-สินค้ารับโอนจาก สสจ./     รพศ./รพท./รพช./รพ.สต.,1.0,Yes
4313010199.115,P12,รายได้อื่น,รายได้อื่น-วัสดุรับโอนจาก สสจ./รพศ./รพท./รพช./รพ.สต.,1.0,Yes
4313010199.116,P12,รายได้อื่น,รายได้อื่น-ครุภัณฑ์ ที่ดินและสิ่งก่อสร้างรับโอนจาก สสจ./รพศ./รพท./รพช./  รพ.สต.,1.0,Yes
4313010199.117,P12,รายได้อื่น,รายได้อื่น-เงินนอกงบประมาณรับโอนจาก สสจ./รพศ./รพท./รพช./รพ.สต.,1.0,Yes
4313010199.118,P13,รายได้งบลงทุน,รายได้อื่น-เงินงบประมาณงบลงทุน รับโอนจาก สสจ./รพศ./รพท./รพช./     รพ.สต.,1.0,Yes
4313010199.119,P12,รายได้อื่น,รายได้อื่น-เงินงบประมาณงบดำเนินงานรับโอนจาก สสจ./รพศ./รพท./รพช. / รพ.สต.,1.0,Yes
4313010199.120,P12,รายได้อื่น,รายได้อื่น-เงินงบประมาณงบอุดหนุนรับโอนจาก สสจ./รพศ. /รพท./รพช. /   รพ.สต,1.0,Yes
4313010199.121,P12,รายได้อื่น,รายได้อื่น-เงินงบประมาณงบรายจ่ายอื่นรับโอนจาก สสจ./รพศ. /รพท./รพช./รพ.สต.,1.0,Yes
4313010199.122,P12,รายได้อื่น,รายได้อื่น-เงินงบประมาณงบกลางรับโอนจาก สสจ./รพศ. /รพท./รพช. /   รพ.สต.,1.0,Yes
4313010199.123,P12,รายได้อื่น,รายได้อื่น - เงินงบประมาณงบเงินกู้จากรัฐบาลรับโอนจาก สสจ./รพศ./รพช./รพ.สต.,1.0,Yes
4313010199.202,P12,รายได้อื่น,รายได้ค่าธรรมเนียม UC,1.0,Yes
5101010101.101,P17,เงินเดือนและค่าจ้างประจำ,เงินเดือนข้าราชการ(บริการ),1.0,Yes
5101010101.102,P17,เงินเดือนและค่าจ้างประจำ,เงินเดือนข้าราชการ(สนับสนุน),1.0,Yes
5101010103.101,P17,เงินเดือนและค่าจ้างประจำ,เงินประจำตำแหน่งระดับสูง/ระดับกลาง(สนับสนุน),1.0,Yes
5101010103.102,P17,เงินเดือนและค่าจ้างประจำ,เงินประจำตำแหน่งวิชาชีพเฉพาะ(บริการ),1.0,Yes
5101010103.103,P17,เงินเดือนและค่าจ้างประจำ,เงินประจำตำแหน่งผู้เชี่ยวชาญ (บริการ),1.0,Yes
5101010108.101,P19,ค่าตอบแทน,ค่าล่วงเวลา(สนับสนุน),1.0,Yes
5101010109.101,P20,ค่าใช้จ่ายบุคลากรอื่น,เงินตอบแทนพิเศษของข้าราชการผู้ได้รับเงินเดือนถึงขั้นสูงสุดของอันดับ(บริการ),1.0,Yes
5101010109.102,P20,ค่าใช้จ่ายบุคลากรอื่น,เงินตอบแทนพิเศษของข้าราชการผู้ได้รับเงินเดือนถึงขั้นสูงสุดของอันดับ(สนับสนุน),1.0,Yes
5101010109.103,P20,ค่าใช้จ่ายบุคลากรอื่น,เงินตอบแทนพิเศษของลูกจ้างประจำผู้ได้รับค่าจ้างถึงขั้นสูงสุดของตำแหน่ง(บริการ),1.0,Yes
5101010109.104,P20,ค่าใช้จ่ายบุคลากรอื่น,เงินตอบแทนพิเศษของลูกจ้างประจำผู้ได้รับค่าจ้างถึงขั้นสูงสุดของตำแหน่ง(สนับสนุน),1.0,Yes
5101010113.101,P17,เงินเดือนและค่าจ้างประจำ,ค่าจ้างประจำ(บริการ),1.0,Yes
5101010113.102,P17,เงินเดือนและค่าจ้างประจำ,ค่าจ้างประจำ(สนับสนุน),1.0,Yes
5101010113.103,P18,ค่าจ้างชั่วคราว,ค่าจ้างชั่วคราว(บริการ),1.0,Yes
5101010113.104,P18,ค่าจ้างชั่วคราว,ค่าจ้างชั่วคราว(สนับสนุน),1.0,Yes
5101010113.105,P18,ค่าจ้างชั่วคราว,ค่าจ้างพนักงานกระทรวงสาธารณสุข (บริการ),1.0,Yes
5101010113.106,P18,ค่าจ้างชั่วคราว,ค่าจ้างพนักงานกระทรวงสาธารณสุข (สนับสนุน),1.0,Yes
5101010113.107,P18,ค่าจ้างชั่วคราว,ค่าจ้างเหมาบุคลากร (บริการ),1.0,Yes
5101010113.108,P18,ค่าจ้างชั่วคราว,ค่าจ้างเหมาบุคลากร (สนับสนุน),1.0,Yes
5101010115.101,P17,เงินเดือนและค่าจ้างประจำ,เงินค่าตอบแทนพนักงานราชการ (บริการ),1.0,Yes
5101010115.102,P17,เงินเดือนและค่าจ้างประจำ,เงินค่าตอบแทนพนักงานราชการ (สนับสนุน),1.0,Yes
5101010116.101,P17,เงินเดือนและค่าจ้างประจำ,เงินค่าครองชีพสำหรับข้าราชการ (บริการ),1.0,Yes
5101010116.102,P17,เงินเดือนและค่าจ้างประจำ,เงินค่าครองชีพสำหรับข้าราชการ(สนับสนุน),1.0,Yes
5101010116.103,P17,เงินเดือนและค่าจ้างประจำ,เงินค่าครองชีพสำหรับลูกจ้างประจำ(บริการ),1.0,Yes
5101010116.104,P17,เงินเดือนและค่าจ้างประจำ,เงินค่าครองชีพสำหรับลูกจ้างประจำ(สนับสนุน),1.0,Yes
5101010116.105,P17,เงินเดือนและค่าจ้างประจำ,เงินค่าครองชีพสำหรับพนักงานราชการ(บริการ),1.0,Yes
5101010116.106,P17,เงินเดือนและค่าจ้างประจำ,เงินค่าครองชีพสำหรับพนักงานราชการ(สนับสนุน),1.0,Yes
5101010199.101,P17,เงินเดือนและค่าจ้างประจำ,เงินตอบแทนรายเดือนสำหรับข้าราชการเท่ากับอัตราเงินประจำตำแหน่ง (บริการ),1.0,Yes
5101010199.102,P17,เงินเดือนและค่าจ้างประจำ,เงินตอบแทนชำนาญการพิเศษที่ไม่ใช่วิชาชีพ (สนับสนุน),1.0,Yes
5101010199.103,P19,ค่าตอบแทน,ค่าตอบแทนในการปฏิบัติงานเวรหรือผลัดบ่ายและหรือผลัดดึกของพยาบาล,1.0,Yes
5101020101.101,P20,ค่าใช้จ่ายบุคลากรอื่น,เงินช่วยพิเศษกรณีเสียชีวิต (เงินงบประมาณ),1.0,Yes
5101020101.102,P20,ค่าใช้จ่ายบุคลากรอื่น,เงินช่วยพิเศษกรณีเสียชีวิต (เงินนอกงบประมาณ),1.0,Yes
5101020102.101,P20,ค่าใช้จ่ายบุคลากรอื่น,เงินทำขวัญข้าราชการและลูกจ้าง,1.0,Yes
5101020103.101,P20,ค่าใช้จ่ายบุคลากรอื่น,เงินชดเชยสมาชิก กบข.,1.0,Yes
5101020104.101,P20,ค่าใช้จ่ายบุคลากรอื่น,เงินสมทบ กบข.,1.0,Yes
5101020105.101,P20,ค่าใช้จ่ายบุคลากรอื่น,เงินสมทบ กสจ.,1.0,Yes
5101020106.101,P20,ค่าใช้จ่ายบุคลากรอื่น,เงินสมทบกองทุนประกันสังคมส่วนของนายจ้าง (เงินงบประมาณ),1.0,Yes
5101020106.102,P20,ค่าใช้จ่ายบุคลากรอื่น,เงินสมทบกองทุนประกันสังคมส่วนของนายจ้าง (เงินนอกงบประมาณ),1.0,Yes
5101020108.101,P20,ค่าใช้จ่ายบุคลากรอื่น,ค่าเช่าบ้าน,1.0,Yes
5101020112.101,P20,ค่าใช้จ่ายบุคลากรอื่น,เงินสมทบกองทุนสำรองเลี้ยงชีพพนักงานและเจ้าหน้าที่รัฐ (เงินนอกงบประมาณ),1.0,Yes
5101020114.107,P19,ค่าตอบแทน,ค่าตอบแทนเงินเพิ่มพิเศษสำหรับผู้ปฏิบัติงานด้านการสาธารณสุข(พ.ต.ส.-เงินงบประมาณ),1.0,Yes
5101020114.114,P19,ค่าตอบแทน,ค่าตอบแทนเงินเพิ่มพิเศษสำหรับผู้ปฏิบัติงานด้านการสาธารณสุข     (พ.ต.ส.-เงินนอกงบประมาณ),1.0,Yes
5101020114.126,P17,เงินเดือนและค่าจ้างประจำ,เงินเพิ่มสำหรับตำแหน่งที่มีเหตุพิเศษ  (บริการ),1.0,Yes
5101020114.127,P17,เงินเดือนและค่าจ้างประจำ,เงินเพิ่มสำหรับตำแหน่งที่มีเหตุพิเศษ  (สนับสนุน),1.0,Yes
5101020115.101,P19,ค่าตอบแทน,ค่าตอบแทนพิเศษชายแดนภาคใต้ (บริการ),1.0,Yes
5101020116.101,P20,ค่าใช้จ่ายบุคลากรอื่น,เงินสมทบกองทุนทดแทน - เงินงบประมาณ,1.0,Yes
5101020116.102,P20,ค่าใช้จ่ายบุคลากรอื่น,เงินสมทบกองทุนทดแทน-เงินนอกงบประมาณ,1.0,Yes
5101020199.104,P20,ค่าใช้จ่ายบุคลากรอื่น,เงินเพิ่มพิเศษสำหรับบุคลากรสาธารณสุขผู้ปฏิบัติงานในสถานการณ์ระบาดของโรคติดเชื้อไวรัสโคโรนา2019,1.0,No
5101020199.105,P20,ค่าใช้จ่ายบุคลากรอื่น,ค่าใช้จ่ายบุคลากรอื่น (เงินงบประมาณ),1.0,Yes
5101020199.106,P20,ค่าใช้จ่ายบุคลากรอื่น,ค่าใช้จ่ายบุคลากรอื่น (เงินนอกงบประมาณ),1.0,Yes
5101030101.101,P20,ค่าใช้จ่ายบุคลากรอื่น,เงินช่วยการศึกษาบุตร,1.0,Yes
5101030205.101,P20,ค่าใช้จ่ายบุคลากรอื่น,เงินช่วยค่ารักษาพยาบาลประเภทผู้ป่วยนอก รพ.รัฐ สำหรับผู้มีสิทธิตามกฎหมายยกเว้นผู้รับเบี้ยหวัด/บำนาญ,1.0,Yes
5101030206.101,P20,ค่าใช้จ่ายบุคลากรอื่น,เงินช่วยค่ารักษาพยาบาลประเภทผู้ป่วยใน รพ.รัฐ สำหรับผู้มีสิทธิตามกฎหมายยกเว้นผู้รับเบี้ยหวัด/บำนาญ,1.0,Yes
5101030207.101,P20,ค่าใช้จ่ายบุคลากรอื่น,เงินช่วยค่ารักษาพยาบาลประเภทผู้ป่วยนอก รพ.เอกชนสำหรับผู้มีสิทธิตามกฎหมายยกเว้นผู้รับเบี้ยหวัด /บำนาญ,1.0,Yes
5101030208.101,P20,ค่าใช้จ่ายบุคลากรอื่น,เงินช่วยค่ารักษาพยาบาลประเภทผู้ป่วยในร.พ.เอกชนสำหรับผู้มีสิทธิตามกฎหมายยกเว้นผู้รับเบี้ยหวัด /บำนาญ,1.0,Yes
5101030211.101,P20,ค่าใช้จ่ายบุคลากรอื่น,เงินช่วยเหลือค่ารักษาพยาบาลตามกฎหมายสงเคราะห์ข้าราชการ,1.0,Yes
5101040107.101,P20,ค่าใช้จ่ายบุคลากรอื่น,บำเหน็จตกทอด,1.0,Yes
5101040111.101,P20,ค่าใช้จ่ายบุคลากรอื่น,เงินช่วยพิเศษกรณีผู้รับบำนาญเสียชีวิต,1.0,Yes
5101040118.101,P20,ค่าใช้จ่ายบุคลากรอื่น,บำนาญตกทอด,1.0,Yes
5101040202.101,P20,ค่าใช้จ่ายบุคลากรอื่น,เงินช่วยการศึกษาบุตร,1.0,Yes
5101040204.101,P20,ค่าใช้จ่ายบุคลากรอื่น,เงินช่วยค่ารักษาพยาบาลประเภท    ผู้ป่วยนอก รพ.รัฐ สำหรับผู้รับเบี้ยหวัด /บำนาญตามกฎหมาย,1.0,Yes
5101040205.101,P20,ค่าใช้จ่ายบุคลากรอื่น,เงินช่วยค่ารักษาพยาบาลประเภท    ผู้ป่วยใน รพ.รัฐ สำหรับผู้รับเบี้ยหวัด /บำนาญตามกฎหมาย,1.0,Yes
5101040206.101,P20,ค่าใช้จ่ายบุคลากรอื่น,เงินช่วยค่ารักษา พยาบาลประเภทผู้ป่วยนอก รพ.เอกชน  สำหรับผู้รับเบี้ยหวัด/บำนาญตามกฎหมาย,1.0,Yes
5101040207.101,P20,ค่าใช้จ่ายบุคลากรอื่น,เงินช่วยค่ารักษาพยาบาลประเภท    ผู้ป่วยใน รพ.เอกชน สำหรับผู้รับ      เบี้ยหวัด/บำนาญตามกฎหมาย,1.0,Yes
5102010106.101,P20,ค่าใช้จ่ายบุคลากรอื่น,ค่าใช้จ่ายทุนการศึกษา-ในประเทศ,1.0,Yes
5102010199.101,P20,ค่าใช้จ่ายบุคลากรอื่น,ค่าใช้จ่ายด้านการฝึกอบรม-ในประเทศ (เงินงบประมาณ),1.0,Yes
5102010199.102,P20,ค่าใช้จ่ายบุคลากรอื่น,ค่าใช้จ่ายด้านการฝึกอบรม - ในประเทศ (เงินนอกงบประมาณ),1.0,Yes
5102030199.101,P20,ค่าใช้จ่ายบุคลากรอื่น,ค่าใช้จ่ายด้านการฝึกอบรม -บุคคล ภายนอก (เงินงบประมาณ),1.0,Yes
5102030199.102,P20,ค่าใช้จ่ายบุคลากรอื่น,ค่าใช้จ่ายด้านการฝึกอบรม -บุคคล ภายนอก (เงินนอกงบประมาณ),1.0,Yes
5103010102.101,P21,ค่าใช้สอย,ค่าเบี้ยเลี้ยง-ในประเทศ (เงินงบประมาณ),1.0,Yes
5103010102.102,P21,ค่าใช้สอย,ค่าเบี้ยเลี้ยง-ในประเทศ (เงินนอกงบประมาณ),1.0,Yes
5103010103.101,P21,ค่าใช้สอย,ค่าที่พัก-ในประเทศ (เงินงบประมาณ),1.0,Yes
5103010103.102,P21,ค่าใช้สอย,ค่าที่พัก-ในประเทศ (เงินนอกงบประมาณ),1.0,Yes
5103010199.101,P21,ค่าใช้สอย,ค่าใช้จ่ายเดินทางอื่น -ในประเทศ (เงินงบประมาณ),1.0,Yes
5103010199.102,P21,ค่าใช้สอย,ค่าใช้จ่ายเดินทางอื่น -ในประเทศ (เงินนอกงบประมาณ),1.0,Yes
5104010104.101,P23,วัสดุใช้ไป,วัสดุสำนักงานใช้ไป,1.0,Yes
5104010104.102,P23,วัสดุใช้ไป,วัสดุยานพาหนะและขนส่งใช้ไป,1.0,Yes
5104010104.103,P23,วัสดุใช้ไป,วัสดุไฟฟ้าและวิทยุใช้ไป,1.0,Yes
5104010104.104,P23,วัสดุใช้ไป,วัสดุโฆษณาและเผยแพร่ใช้ไป,1.0,Yes
5104010104.105,P23,วัสดุใช้ไป,วัสดุคอมพิวเตอร์ใช้ไป,1.0,Yes
5104010104.106,P23,วัสดุใช้ไป,วัสดุงานบ้านงานครัวใช้ไป,1.0,Yes
5104010104.107,P23,วัสดุใช้ไป,วัสดุก่อสร้างใช้ไป,1.0,Yes
5104010104.108,P23,วัสดุใช้ไป,วัสดุอื่นใช้ไป,1.0,Yes
5104010104.109,P23,วัสดุใช้ไป,สินค้าใช้ไป,1.0,Yes
5104010107.101,P21,ค่าใช้สอย,ค่าซ่อมแซมอาคารและสิ่งปลูกสร้าง,1.0,Yes
5104010107.102,P21,ค่าใช้สอย,ค่าซ่อมแซมครุภัณฑ์สำนักงาน,1.0,Yes
5104010107.103,P21,ค่าใช้สอย,ค่าซ่อมแซมครุภัณฑ์ยานพาหนะและขนส่ง,1.0,Yes
5104010107.104,P21,ค่าใช้สอย,ค่าซ่อมแซมครุภัณฑ์ไฟฟ้าและวิทยุ,1.0,Yes
5104010107.105,P21,ค่าใช้สอย,ค่าซ่อมแซมครุภัณฑ์โฆษณาและเผยแพร่,1.0,Yes
5104010107.106,P21,ค่าใช้สอย,ค่าซ่อมแซมครุภัณฑ์วิทยาศาสตร์และการแพทย์,1.0,Yes
5104010107.107,P21,ค่าใช้สอย,ค่าซ่อมแซมครุภัณฑ์คอมพิวเตอร์,1.0,Yes
5104010107.108,P21,ค่าใช้สอย,ค่าซ่อมแซมครุภัณฑ์อื่น,1.0,Yes
5104010107.109,P21,ค่าใช้สอย,ค่าจ้างเหมาบำรุงรักษาดูแลลิฟท์,1.0,Yes
5104010107.110,P21,ค่าใช้สอย,ค่าจ้างเหมาบำรุงรักษาสวนหย่อม,1.0,Yes
5104010107.111,P21,ค่าใช้สอย,ค่าจ้างเหมาบำรุงรักษาครุภัณฑ์วิทยาศาสตร์และการแพทย์,1.0,Yes
5104010107.112,P21,ค่าใช้สอย,ค่าจ้างเหมาบำรุงรักษาเครื่องปรับอากาศ,1.0,Yes
5104010107.113,P21,ค่าใช้สอย,ค่าจ้างเหมาซ่อมแซมบ้านพัก,1.0,Yes
5104010110.101,P23,วัสดุใช้ไป,ค่าเชื้อเพลิง,1.0,Yes
5104010112.101,P21,ค่าใช้สอย,ค่าจ้างเหมาทำความสะอาด,1.0,Yes
5104010112.103,P21,ค่าใช้สอย,ค่าจ้างเหมาประกอบอาหารผู้ป่วย,1.0,Yes
5104010112.106,P21,ค่าใช้สอย,ค่าจ้างเหมารถ,1.0,Yes
5104010112.108,P21,ค่าใช้สอย,ค่าจ้างเหมาดูแลความปลอดภัย,1.0,Yes
5104010112.110,P21,ค่าใช้สอย,ค่าจ้างเหมาซักรีด,1.0,Yes
5104010112.111,P21,ค่าใช้สอย,ค่าจ้างเหมากำจัดขยะติดเชื้อ,1.0,Yes
5104010112.112,P21,ค่าใช้สอย,ค่าจ้างเหมาบริการทางการแพทย์,1.0,Yes
5104010112.113,P21,ค่าใช้สอย,ค่าจ้างเหมาบริการอื่น(สนับสนุน),1.0,Yes
5104010112.114,P21,ค่าใช้สอย,ค่าจ้างตรวจทางห้องปฏิบัติการ (Lab),1.0,Yes
5104010112.115,P21,ค่าใช้สอย,ค่าจ้างตรวจเอ็กซเรย์ (X-Ray),1.0,Yes
5104010114.101,P21,ค่าใช้สอย,ค่าธรรมเนียมทางกฎหมาย,1.0,Yes
5104010115.101,P21,ค่าใช้สอย,ค่าธรรมเนียมธนาคาร,1.0,Yes
5104020101.101,P22,ค่าสาธารณูปโภค,ค่าไฟฟ้า,1.0,Yes
5104020103.101,P22,ค่าสาธารณูปโภค,ค่าน้ำประปาและน้ำบาดาล,1.0,Yes
5104020105.101,P22,ค่าสาธารณูปโภค,ค่าโทรศัพท์,1.0,Yes
5104020106.101,P22,ค่าสาธารณูปโภค,ค่าบริการสื่อสารและโทรคมนาคม,1.0,Yes
5104020107.101,P22,ค่าสาธารณูปโภค,ค่าไปรษณีย์และขนส่ง,1.0,Yes
5104030202.101,P21,ค่าใช้สอย,ค่าจ้างที่ปรึกษา,1.0,Yes
5104030203.101,P21,ค่าใช้สอย,ค่าเบี้ยประกันภัย,1.0,Yes
5104030205.101,P14,ต้นทุนยา,ยาใช้ไป,1.0,Yes
5104030205.102,P15,ต้นทุนเวชภัณฑ์มิใช่ยาและวัสดุการแพทย์,วัสดุเภสัชกรรมใช้ไป,1.0,Yes
5104030205.103,P15,ต้นทุนเวชภัณฑ์มิใช่ยาและวัสดุการแพทย์,วัสดุทางการแพทย์ทั่วไปใช้ไป,1.0,Yes
5104030205.104,P16,ต้นทุนวัสดุวิทยาศาสตร์การแพทย์,วัสดุวิทยาศาสตร์และการแพทย์ใช้ไป,1.0,Yes
5104030205.112,P23,วัสดุใช้ไป,วัสดุบริโภคใช้ไป,1.0,Yes
5104030205.113,P23,วัสดุใช้ไป,วัสดุเครื่องแต่งกายใช้ไป,1.0,Yes
5104030205.117,P151,ต้นทุนวัสดุทันตกรรม,วัสดุทันตกรรมใช้ไป,1.0,Yes
5104030205.118,P15,ต้นทุนเวชภัณฑ์มิใช่ยาและวัสดุการแพทย์,วัสดุเอกซเรย์ใช้ไป,1.0,Yes
5104030206.101,P23,วัสดุใช้ไป,ค่าครุภัณฑ์มูลค่าต่ำกว่าเกณฑ์,1.0,Yes
5104030207.101,P21,ค่าใช้สอย,ค่าใช้จ่ายในการประชุม,1.0,Yes
5104030208.101,P21,ค่าใช้สอย,ค่ารับรองและพิธีการ,1.0,Yes
5104030210.101,P21,ค่าใช้สอย,ค่าเช่าอสังหาริมทรัพย์,1.0,Yes
5104030212.101,P21,ค่าใช้สอย,ค่าเช่าเบ็ดเตล็ด,1.0,Yes
5104030217.101,P21,ค่าใช้สอย,เงินชดเชยค่างานสิ่งก่อสร้าง,1.0,Yes
5104030218.101,P25,ค่าใช้จ่ายอื่น,ค่าใช้จ่ายผลักส่งเป็นรายได้แผ่นดิน,1.0,Yes
5104030219.101,P21,ค่าใช้สอย,ค่าประชาสัมพันธ์,1.0,Yes
5104030220.101,P21,ค่าใช้สอย,ค่าชดใช้ค่าเสียหาย,1.0,Yes
5104030299.102,P25,ค่าใช้จ่ายอื่น,ค่าใช้จ่ายตามโครงการ (UC) (PP),1.0,Yes
5104030299.103,P25,ค่าใช้จ่ายอื่น,ค่าใช้จ่ายตามโครงการ (เงินงบประมาณ),1.0,Yes
5104030299.104,P21,ค่าใช้สอย,ค่าใช้สอยอื่นๆ,1.0,Yes
5104030299.105,P25,ค่าใช้จ่ายอื่น,ค่าใช้จ่ายตามโครงการ (เงินนอกงบประมาณ),1.0,Yes
5104030299.202,P25,ค่าใช้จ่ายอื่น,ค่ารักษาตามจ่าย UC ในสังกัด สป. สธ.,1.0,Yes
5104030299.203,P25,ค่าใช้จ่ายอื่น,ค่ารักษาตามจ่าย UC นอกสังกัด สป. สธ.,1.0,Yes
5104030299.204,P24,ค่าเสื่อมราคาและค่าตัดจำหน่าย,ค่าจ้าง/ค่าเช่า/ค่าซ่อมบำรุง สิ่งก่อสร้างและครุภัณฑ์ (งบลงทุน UC),1.0,Yes
5104030299.501,P25,ค่าใช้จ่ายอื่น,ค่ารักษาตามจ่ายคนต่างด้าวและแรงงานต่างด้าว,1.0,Yes
5104030299.502,P25,ค่าใช้จ่ายอื่น,ค่าใช้จ่ายตามโครงการ (P&P) แรงงานต่างด้าว,1.0,Yes
5104030299.701,P25,ค่าใช้จ่ายอื่น,ค่าใช้จ่ายตามโครงการ (P&P) บุคคลที่มีปัญหาสถานะและสิทธิ,1.0,Yes
5104030299.702,P25,ค่าใช้จ่ายอื่น,ค่ารักษาตามจ่ายบุคคลที่มีปัญหาสถานะและสิทธิ,1.0,Yes
5104040102.101,P19,ค่าตอบแทน,ค่าตอบแทนเงินเพิ่มพิเศษแพทย์ไม่ทำเวชปฏิบัติฯลฯ (บริการ),1.0,Yes
5104040102.102,P19,ค่าตอบแทน,ค่าตอบแทนเงินเพิ่มพิเศษทันตแพทย์ไม่ทำเวชปฏิบัติฯลฯ(บริการ),1.0,Yes
5104040102.103,P19,ค่าตอบแทน,ค่าตอบแทนเงินเพิ่มเภสัชกรไม่ทำเวชปฏิบัติฯลฯ (บริการ),1.0,Yes
5104040102.104,P19,ค่าตอบแทน,ค่าตอบแทนในการปฏิบัติงานของเจ้าหน้าที่ (บริการ),1.0,Yes
5104040102.105,P19,ค่าตอบแทน,ค่าตอบแทนในการปฏิบัติงานของเจ้าหน้าที่ (สนับสนุน),1.0,Yes
5104040102.106,P19,ค่าตอบแทน,ค่าตอบแทนการปฏิบัติงานในคลินิกพิเศษนอกเวลา,1.0,Yes
5104040102.107,P19,ค่าตอบแทน,ค่าตอบแทนการปฏิบัติงานชันสูตรพลิกศพ (เงินงบประมาณ),1.0,Yes
5104040102.108,P19,ค่าตอบแทน,ค่าตอบแทนการปฏิบัติงานชันสูตรพลิกศพ (เงินนอกงบประมาณ),1.0,Yes
5104040102.109,P19,ค่าตอบแทน,ค่าตอบแทนปฏิบัติงานแพทย์สาขาส่งเสริมพิเศษ,1.0,Yes
5104040102.110,P19,ค่าตอบแทน,ค่าตอบแทนปฏิบัติงานส่งเสริมสุขภาพและเวชปฏิบัติครอบครัว,1.0,Yes
5104040102.111,P19,ค่าตอบแทน,ค่าตอบแทนการปฏิบัติงานในลักษณะค่าเบี้ยเลี้ยงเหมาจ่าย (บริการ) - เงินงบประมาณ,1.0,Yes
5104040102.112,P19,ค่าตอบแทน,ค่าตอบแทนการปฏิบัติงานในลักษณะค่าเบี้ยเลี้ยงเหมาจ่าย (สนับสนุน) - เงินงบประมาณ,1.0,Yes
5104040102.113,P19,ค่าตอบแทน,ค่าตอบแทนการปฏิบัติงานในลักษณะค่าเบี้ยเลี้ยงเหมาจ่าย (บริการ)  - เงินนอกงบประมาณ,1.0,Yes
5104040102.114,P19,ค่าตอบแทน,ค่าตอบแทนการปฏิบัติงานในลักษณะค่าเบี้ยเลี้ยงเหมาจ่าย (สนับสนุน)  - เงินนอกงบประมาณ,1.0,Yes
5104040102.115,P19,ค่าตอบแทน,ค่าตอบแทนตามผลการปฏิบัติงาน (บริการ) - เงินงบประมาณ,1.0,Yes
5104040102.116,P19,ค่าตอบแทน,ค่าตอบแทนตามผลการปฏิบัติงาน (สนับสนุน) - เงินงบประมาณ,1.0,Yes
5104040102.117,P19,ค่าตอบแทน,ค่าตอบแทนตามผลการปฏิบัติงาน (บริการ) - เงินนอกงบประมาณ,1.0,Yes
5104040102.118,P19,ค่าตอบแทน,ค่าตอบแทนตามผลการปฏิบัติงาน (สนับสนุน)  - เงินนอกงบประมาณ,1.0,Yes
5104040102.119,P19,ค่าตอบแทน,ค่าตอบแทนการปฏิบัติงานอื่น -เงินงบประมาณ,1.0,Yes
5104040102.120,P19,ค่าตอบแทน,ค่าตอบแทนการปฏิบัติงานอื่น-เงินนอกงบประมาณ,1.0,Yes
5105010101.101,P24,ค่าเสื่อมราคาและค่าตัดจำหน่าย,ค่าเสื่อมราคา -อาคารเพื่อการพักอาศัย,1.0,Yes
5105010103.101,P24,ค่าเสื่อมราคาและค่าตัดจำหน่าย,ค่าเสื่อมราคา - อาคารสำนักงาน,1.0,Yes
5105010105.101,P24,ค่าเสื่อมราคาและค่าตัดจำหน่าย,ค่าเสื่อมราคา - อาคารเพื่อประโยชน์อื่น,1.0,Yes
5105010107.101,P24,ค่าเสื่อมราคาและค่าตัดจำหน่าย,ค่าเสื่อมราคา - สิ่งปลูกสร้าง,1.0,Yes
5105010107.102,P24,ค่าเสื่อมราคาและค่าตัดจำหน่าย,ค่าเสื่อมราคา -ระบบประปา,1.0,Yes
5105010107.103,P24,ค่าเสื่อมราคาและค่าตัดจำหน่าย,ค่าเสื่อมราคา - ระบบบำบัดน้ำเสีย,1.0,Yes
5105010107.104,P24,ค่าเสื่อมราคาและค่าตัดจำหน่าย,ค่าเสื่อมราคา - ระบบไฟฟ้า,1.0,Yes
5105010107.105,P24,ค่าเสื่อมราคาและค่าตัดจำหน่าย,ค่าเสื่อมราคา - ระบบโทรศัพท์,1.0,Yes
5105010107.106,P24,ค่าเสื่อมราคาและค่าตัดจำหน่าย,ค่าเสื่อมราคา-ระบบถนนภายใน,1.0,Yes
5105010109.101,P24,ค่าเสื่อมราคาและค่าตัดจำหน่าย,ค่าเสื่อมราคา-ครุภัณฑ์สำนักงาน,1.0,Yes
5105010111.101,P24,ค่าเสื่อมราคาและค่าตัดจำหน่าย,ค่าเสื่อมราคา-ยานพาหนะและอุปกรณ์การขนส่ง,1.0,Yes
5105010113.101,P24,ค่าเสื่อมราคาและค่าตัดจำหน่าย,ค่าเสื่อมราคา-ครุภัณฑ์ไฟฟ้าและวิทยุ,1.0,Yes
5105010115.101,P24,ค่าเสื่อมราคาและค่าตัดจำหน่าย,ค่าเสื่อมราคา-ครุภัณฑ์โฆษณาและเผยแพร่,1.0,Yes
5105010117.101,P24,ค่าเสื่อมราคาและค่าตัดจำหน่าย,ค่าเสื่อมราคา-ครุภัณฑ์การเกษตร,1.0,Yes
5105010119.101,P24,ค่าเสื่อมราคาและค่าตัดจำหน่าย,ค่าเสื่อมราคา-ครุภัณฑ์โรงงาน,1.0,Yes
5105010121.101,P24,ค่าเสื่อมราคาและค่าตัดจำหน่าย,ค่าเสื่อมราคา-ครุภัณฑ์ก่อสร้าง,1.0,Yes
5105010125.101,P24,ค่าเสื่อมราคาและค่าตัดจำหน่าย,ค่าเสื่อมราคา-ครุภัณฑ์วิทยาศาสตร์ และการแพทย์,1.0,Yes
5105010127.101,P24,ค่าเสื่อมราคาและค่าตัดจำหน่าย,ค่าเสื่อมราคา-อุปกรณ์คอมพิวเตอร์,1.0,Yes
5105010129.101,P24,ค่าเสื่อมราคาและค่าตัดจำหน่าย,ค่าเสื่อมราคา - ครุภัณฑ์การศึกษา,1.0,Yes
5105010131.101,P24,ค่าเสื่อมราคาและค่าตัดจำหน่าย,ค่าเสื่อมราคา-ครุภัณฑ์งานบ้านงานครัว,1.0,Yes
5105010133.101,P24,ค่าเสื่อมราคาและค่าตัดจำหน่าย,บัญชีค่าเสื่อมราคา - ครุภัณฑ์กีฬา,1.0,Yes
5105010135.101,P24,ค่าเสื่อมราคาและค่าตัดจำหน่าย,บัญชีค่าเสื่อมราคา - ครุภัณฑ์ดนตรี,1.0,Yes
5105010137.101,P24,ค่าเสื่อมราคาและค่าตัดจำหน่าย,บัญชีค่าเสื่อมราคา - ครุภัณฑ์สนาม,1.0,Yes
5105010139.101,P24,ค่าเสื่อมราคาและค่าตัดจำหน่าย,ค่าเสื่อมราคา-ครุภัณฑ์อื่น,1.0,Yes
5105010148.101,P24,ค่าเสื่อมราคาและค่าตัดจำหน่าย,ค่าตัดจำหน่าย-โปรแกรมคอมพิวเตอร์,1.0,Yes
5105010149.102,P24,ค่าเสื่อมราคาและค่าตัดจำหน่าย,ค่าตัดจำหน่าย-สินทรัพย์ที่ไม่มีตัวตนอื่น,1.0,Yes
5105010158.101,P24,ค่าเสื่อมราคาและค่าตัดจำหน่าย,ค่าเสื่อมราคา-ส่วนปรับปรุงอาคาร,1.0,Yes
5105010160.101,P24,ค่าเสื่อมราคาและค่าตัดจำหน่าย,ค่าเสื่อมราคาอาคารเพื่อพักอาศัย -  Interface,1.0,Yes
5105010160.102,P24,ค่าเสื่อมราคาและค่าตัดจำหน่าย,ค่าเสื่อมราคาอาคารสำนักงาน-  Interface,1.0,Yes
5105010160.103,P24,ค่าเสื่อมราคาและค่าตัดจำหน่าย,ค่าเสื่อมราคาอาคารเพื่อประโยชน์อื่น- Interface,1.0,Yes
5105010160.104,P24,ค่าเสื่อมราคาและค่าตัดจำหน่าย,ค่าเสื่อมราคาสิ่งปลูกสร้าง -Interface,1.0,Yes
5105010160.105,P24,ค่าเสื่อมราคาและค่าตัดจำหน่าย,ค่าเสื่อมราคาระบบประปา  -Interface,1.0,Yes
5105010160.106,P24,ค่าเสื่อมราคาและค่าตัดจำหน่าย,ค่าเสื่อมราคาระบบบำบัดน้ำเสีย - Interface,1.0,Yes
5105010160.107,P24,ค่าเสื่อมราคาและค่าตัดจำหน่าย,ค่าเสื่อมราคาระบบไฟฟ้า  -Interface,1.0,Yes
5105010160.108,P24,ค่าเสื่อมราคาและค่าตัดจำหน่าย,ค่าเสื่อมราคาระบบโทรศัพท์ - Interface,1.0,Yes
5105010160.109,P24,ค่าเสื่อมราคาและค่าตัดจำหน่าย,ค่าเสื่อมราคาระบบถนนภายใน - Interface,1.0,Yes
5105010161.101,P24,ค่าเสื่อมราคาและค่าตัดจำหน่าย,ค่าเสื่อมราคาครุภัณฑ์สำนักงาน- Interface,1.0,Yes
5105010161.102,P24,ค่าเสื่อมราคาและค่าตัดจำหน่าย,ค่าเสื่อมราคาครุภัณฑ์ยานพาหนะและขนส่ง -Interface,1.0,Yes
5105010161.103,P24,ค่าเสื่อมราคาและค่าตัดจำหน่าย,ค่าเสื่อมราคาครุภัณฑ์ไฟฟ้าและวิทยุ - Interface,1.0,Yes
5105010161.104,P24,ค่าเสื่อมราคาและค่าตัดจำหน่าย,ค่าเสื่อมราคาครุภัณฑ์โฆษณาและเผยแพร่ -  Interface,1.0,Yes
5105010161.105,P24,ค่าเสื่อมราคาและค่าตัดจำหน่าย,ค่าเสื่อมราคาครุภัณฑ์การเกษตร- Interface,1.0,Yes
5105010161.106,P24,ค่าเสื่อมราคาและค่าตัดจำหน่าย,ค่าเสื่อมราคาครุภัณฑ์ก่อสร้าง -Interface,1.0,Yes
5105010161.107,P24,ค่าเสื่อมราคาและค่าตัดจำหน่าย,ค่าเสื่อมราคาครุภัณฑ์วิทยาศาสตร์และการแพทย์ -Interface,1.0,Yes
5105010161.108,P24,ค่าเสื่อมราคาและค่าตัดจำหน่าย,ค่าเสื่อมราคาอุปกรณ์คอมพิวเตอร์ -  Interface,1.0,Yes
5105010161.109,P24,ค่าเสื่อมราคาและค่าตัดจำหน่าย,ค่าเสื่อมราคาครุภัณฑ์งานบ้านงานครัว -Interface,1.0,Yes
5105010161.110,P24,ค่าเสื่อมราคาและค่าตัดจำหน่าย,ค่าเสื่อมราคาครุภัณฑ์อื่น -  Interface,1.0,Yes
5105010164.101,P24,ค่าเสื่อมราคาและค่าตัดจำหน่าย,ค่าตัดจำหน่ายโปรแกรมคอมพิวเตอร์-Interface,1.0,Yes
5105010164.103,P24,ค่าเสื่อมราคาและค่าตัดจำหน่าย,ค่าตัดจำหน่ายสินทรัพย์ไม่มีตัวตนอื่น- Interface,1.0,Yes
5105010194.101,P24,ค่าเสื่อมราคาและค่าตัดจำหน่าย,ค่าเสื่อมราคา-อาคารและสิ่งปลูกสร้างไม่ระบุรายละเอียด,1.0,Yes
5105010195.101,P24,ค่าเสื่อมราคาและค่าตัดจำหน่าย,ค่าเสื่อมราคา-ครุภัณฑ์ไม่ระบุรายละเอียด,1.0,Yes
5107010101.101,P25,ค่าใช้จ่ายอื่น,ค่าใช้จ่ายอุดหนุน -หน่วยงานภาครัฐ,1.0,Yes
5107010113.101,P20,ค่าใช้จ่ายบุคลากรอื่น,บัญชีค่าใช้จ่ายช่วยเหลือตามมาตรการของรัฐ (งบกลาง โควิด),1.0,No
5107010199.101,P25,ค่าใช้จ่ายอื่น,ค่าใช้จ่ายอุดหนุนเพื่อการดำเนินงานอื่น,1.0,Yes
5107020199.101,P25,ค่าใช้จ่ายอื่น,ค่าใช้จ่ายเงินอุดหนุนเพื่อการลงทุนอื่น,1.0,Yes
5107030101.101,P251,ค่าใช้จ่ายอื่น (ระบบบัญชีบันทึกอัตโนมัติ),บัญชีพักเบิกเงินอุดหนุน,1.0,Yes
5108010101.102,P241,หนี้สูญและสงสัยจะสูญ,หนี้สูญ-ลูกหนี้ค่าสิ่งส่งตรวจ-หน่วยงานภาครัฐ,1.0,Yes
5108010101.104,P241,หนี้สูญและสงสัยจะสูญ,หนี้สูญ-ลูกหนี้ค่าวัสดุ/อุปกรณ์/น้ำยา-หน่วยงานภาครัฐ,1.0,Yes
5108010101.105,P241,หนี้สูญและสงสัยจะสูญ,หนี้สูญ-ลูกหนี้ค่าสินค้า-หน่วยงานภาครัฐ,1.0,Yes
5108010101.114,P241,หนี้สูญและสงสัยจะสูญ,หนี้สูญ-ลูกหนี้ค่ารักษา-ชำระเงิน OP,1.0,Yes
5108010101.115,P241,หนี้สูญและสงสัยจะสูญ,หนี้สูญ-ลูกหนี้ค่ารักษา-ชำระเงิน IP,1.0,Yes
5108010101.203,P241,หนี้สูญและสงสัยจะสูญ,หนี้สูญ-ลูกหนี้ค่ารักษา UC -OP นอก CUP (ในจังหวัด),1.0,Yes
5108010101.205,P241,หนี้สูญและสงสัยจะสูญ,หนี้สูญ-ลูกหนี้ค่ารักษา UC -OP นอก CUP (ต่างจังหวัด),1.0,Yes
5108010107.102,P241,หนี้สูญและสงสัยจะสูญ,หนี้สงสัยจะสูญ-ลูกหนี้ค่าสิ่งส่งตรวจ -หน่วยงานภาครัฐ,1.0,Yes
5108010107.104,P241,หนี้สูญและสงสัยจะสูญ,หนี้สงสัยจะสูญ-ลูกหนี้ค่าวัสดุ/อุปกรณ์/น้ำยา-หน่วยงานภาครัฐ,1.0,Yes
5108010107.105,P241,หนี้สูญและสงสัยจะสูญ,หนี้สงสัยจะสูญ-ลูกหนี้ค่าสินค้า-หน่วยงานภาครัฐ,1.0,Yes
5108010107.114,P241,หนี้สูญและสงสัยจะสูญ,หนี้สงสัยจะสูญ-ลูกหนี้ค่ารักษา-ชำระเงิน OP,1.0,Yes
5108010107.115,P241,หนี้สูญและสงสัยจะสูญ,หนี้สงสัยจะสูญ-ลูกหนี้ค่ารักษา-ชำระเงิน IP,1.0,Yes
5108010107.203,P241,หนี้สูญและสงสัยจะสูญ,หนี้สงสัยจะสูญ-ลูกหนี้ค่ารักษา UC-OP นอก CUP (ในจังหวัด),1.0,Yes
5108010107.205,P241,หนี้สูญและสงสัยจะสูญ,หนี้สงสัยจะสูญ-ลูกหนี้ค่ารักษา UC-OP นอก CUP (ต่างจังหวัด),1.0,Yes
5112010103.101,P25,ค่าใช้จ่ายอื่น,ค่าสวัสดิการสังคม-อื่น,1.0,Yes
5203010105.101,P25,ค่าใช้จ่ายอื่น,ค่าจำหน่าย-อาคารเพื่อการพักอาศัย,1.0,Yes
5203010106.101,P25,ค่าใช้จ่ายอื่น,ค่าจำหน่าย-อาคารสำนักงาน,1.0,Yes
5203010107.101,P25,ค่าใช้จ่ายอื่น,ค่าจำหน่าย-อาคารเพื่อประโยชน์อื่น,1.0,Yes
5203010109.101,P25,ค่าใช้จ่ายอื่น,ค่าจำหน่าย-สิ่งปลูกสร้าง,1.0,Yes
5203010110.101,P25,ค่าใช้จ่ายอื่น,ค่าจำหน่าย-อาคารและสิ่งปลูกสร้าง - Interface,1.0,Yes
5203010111.101,P25,ค่าใช้จ่ายอื่น,ค่าจำหน่าย-ครุภัณฑ์สำนักงาน,1.0,Yes
5203010112.101,P25,ค่าใช้จ่ายอื่น,ค่าจำหน่าย-ยานพาหนะและอุปกรณ์การขนส่ง,1.0,Yes
5203010113.101,P25,ค่าใช้จ่ายอื่น,ค่าจำหน่าย-ครุภัณฑ์ไฟฟ้าและวิทยุ,1.0,Yes
5203010114.101,P25,ค่าใช้จ่ายอื่น,ค่าจำหน่าย-ครุภัณฑ์โฆษณาและเผยแพร่,1.0,Yes
5203010115.101,P25,ค่าใช้จ่ายอื่น,ค่าจำหน่าย-ครุภัณฑ์การเกษตร,1.0,Yes
5203010117.101,P25,ค่าใช้จ่ายอื่น,ค่าจำหน่าย-ครุภัณฑ์ก่อสร้าง,1.0,Yes
5203010119.101,P25,ค่าใช้จ่ายอื่น,ค่าจำหน่าย-ครุภัณฑ์วิทยาศาสตร์และการแพทย์,1.0,Yes
5203010120.101,P25,ค่าใช้จ่ายอื่น,ค่าจำหน่าย-อุปกรณ์คอมพิวเตอร์,1.0,Yes
5203010122.101,P25,ค่าใช้จ่ายอื่น,ค่าจำหน่าย-ครุภัณฑ์งานบ้านงานครัว,1.0,Yes
5203010126.101,P25,ค่าใช้จ่ายอื่น,ค่าจำหน่าย-อุปกรณ์อื่น ๆ,1.0,Yes
5203010141.101,P25,ค่าใช้จ่ายอื่น,ค่าจำหน่าย - ครุภัณฑ์ Interface,1.0,Yes
5203010142.101,P25,ค่าใช้จ่ายอื่น,ค่าจำหน่าย - สินทรัพย์ไม่มีตัวตน Interface,1.0,Yes
5203010145.101,P25,ค่าใช้จ่ายอื่น,ค่าจำหน่าย-อาคารและสิ่งปลูกสร้างไม่ระบุรายละเอียด,1.0,Yes
5203010146.101,P25,ค่าใช้จ่ายอื่น,ค่าจำหน่าย-ครุภัณฑ์ไม่ระบุรายละเอียด,1.0,Yes
5205010101.101,P25,ค่าใช้จ่ายอื่น,ค่าใช้จ่ายเงินช่วยเหลือผู้ประสบภัย,1.0,Yes
5209010112.101,P251,ค่าใช้จ่ายอื่น (ระบบบัญชีบันทึกอัตโนมัติ),ค่าใช้จ่ายระหว่างหน่วยงาน-หน่วยงานส่งเงินเบิกเกินส่งคืนให้กรมบัญชีกลาง,1.0,Yes
5210010101.101,P251,ค่าใช้จ่ายอื่น (ระบบบัญชีบันทึกอัตโนมัติ),ค่าใช้จ่ายระหว่างหน่วยงาน - กรมบัญชีกลางโอนเงินนอกงบประมาณให้หน่วยงาน,1.0,Yes
5210010102.101,P251,ค่าใช้จ่ายอื่น (ระบบบัญชีบันทึกอัตโนมัติ),ค่าใช้จ่ายระหว่างหน่วยงาน -  หน่วยงานโอนเงินนอกงบประมาณให้กรมบัญชีกลาง,1.0,Yes
5210010103.101,P251,ค่าใช้จ่ายอื่น (ระบบบัญชีบันทึกอัตโนมัติ),ค่าใช้จ่ายระหว่างหน่วยงาน - หน่วยงานโอนเงินรายได้แผ่นดินให้กรมบัญชีกลาง,1.0,Yes
5210010105.101,P251,ค่าใช้จ่ายอื่น (ระบบบัญชีบันทึกอัตโนมัติ),ค่าใช้จ่ายระหว่างหน่วยงาน  - ปรับเงินฝากคลัง,1.0,Yes
5210010112.101,P251,ค่าใช้จ่ายอื่น (ระบบบัญชีบันทึกอัตโนมัติ),ค่าใช้จ่ายระหว่างหน่วยงาน - รายได้แผ่นดินรอนำส่งคลัง,1.0,Yes
5210010118.101,P251,ค่าใช้จ่ายอื่น (ระบบบัญชีบันทึกอัตโนมัติ),ค่าใช้จ่ายระหว่างกัน-ภายในกรมเดียวกัน,1.0,Yes
5210010121.101,P25,ค่าใช้จ่ายอื่น,ค่าใช้จ่ายระหว่างกัน-ภายในกรมเดียวกัน (Manual),1.0,Yes
5211010101.101,P25,ค่าใช้จ่ายอื่น,โอนสินทรัพย์ให้หน่วยงานของรัฐ,1.0,Yes
5211010102.101,P25,ค่าใช้จ่ายอื่น,โอนสินทรัพย์ให้หน่วยงานของรัฐ,1.0,Yes
5212010199.101,P25,ค่าใช้จ่ายอื่น,ค่าใช้จ่ายโครงการผลิตแพทย์,1.0,Yes
5212010199.102,P25,ค่าใช้จ่ายอื่น,ค่าใช้จ่ายโครงการผลิตบุคลากรทาง   การแพทย์,1.0,Yes
5212010199.104,P25,ค่าใช้จ่ายอื่น,ค่าใช้จ่ายที่ดิน,1.0,Yes
5212010199.105,P25,ค่าใช้จ่ายอื่น,ค่าใช้จ่ายลักษณะอื่น,1.0,Yes
5212010199.106,P25,ค่าใช้จ่ายอื่น,ค่าใช้จ่ายอื่น-สินค้าโอนไป สสจ./รพศ./รพท./รพช./รพ.สต.,1.0,Yes
5212010199.107,P25,ค่าใช้จ่ายอื่น,ค่าใช้จ่ายอื่น-วัสดุโอนไป สสจ./ รพศ./รพท./รพช./รพ.สต.,1.0,Yes
5212010199.108,P25,ค่าใช้จ่ายอื่น,ค่าใช้จ่ายอื่น-ครุภัณฑ์ ที่ดิน และสิ่งก่อสร้าง โอนไป  สสจ./รพศ./รพท./รพช./รพ.สต.,1.0,Yes
5212010199.109,P25,ค่าใช้จ่ายอื่น,ค่าใช้จ่ายอื่น-เงินงบประมาณงบลงทุนโอนไปสสจ./รพศ./รพท./รพช./รพ.สต.,1.0,Yes
5212010199.110,P25,ค่าใช้จ่ายอื่น,ค่าใช้จ่ายอื่น-เงินงบประมาณงบดำเนินงานโอนไป สสจ./รพศ./รพท./รพช./รพ.สต.,1.0,Yes
5212010199.111,P25,ค่าใช้จ่ายอื่น,ค่าใช้จ่ายอื่น-เงินงบประมาณงบอุดหนุนโอนไป สสจ./รพศ./รพท./รพช./รพ.สต.,1.0,Yes
5212010199.112,P25,ค่าใช้จ่ายอื่น,ค่าใช้จ่ายอื่น-เงินงบประมาณงบรายจ่ายอื่นโอนไป  สสจ./รพศ./รพท./รพช./รพ.สต.,1.0,Yes
5212010199.113,P25,ค่าใช้จ่ายอื่น,ค่าใช้จ่ายอื่น-เงินงบประมาณงบกลางโอนไป สสจ./รพศ. /รพท./รพช./ รพ.สต.,1.0,Yes
5212010199.114,P25,ค่าใช้จ่ายอื่น,ค่าใช้จ่ายอื่น-เงินนอกงบประมาณโอนไป สสจ./รพศ./รพท./รพช./รพ.สต.,1.0,Yes
5401010101.101,P25,ค่าใช้จ่ายอื่น,ค่าใช้จ่ายรายการพิเศษนอกเหนือการดำเนินงานปกติ,1.0,Yes
